06/05/2015;titre1;"Quibus ita sceleste patratis Paulus cruore perfusus reversusque ad principis castra multos coopertos paene catenis adduxit in squalorem deiectos atque maestitiam, quorum adventu intendebantur eculei uncosque parabat carnifex et tormenta. et ex is proscripti sunt plures actique in exilium alii, non nullos gladii consumpsere poenales. nec enim quisquam facile meminit sub Constantio, ubi susurro tenus haec movebantur, quemquam absolutum.";"http://www.joomlaworks.net/images/demos/galleries/abstract/7.jpg"
07/05/2015;titre2;"Quibus ita sceleste patratis Paulus cruore perfusus reversusque ad principis castra multos coopertos paene catenis adduxit in squalorem deiectos atque maestitiam, quorum adventu intendebantur eculei uncosque parabat carnifex et tormenta. et ex is proscripti sunt plures actique in exilium alii, non nullos gladii consumpsere poenales. nec enim quisquam facile meminit sub Constantio, ubi susurro tenus haec movebantur, quemquam absolutum.";"http://www.online-image-editor.com//styles/2014/images/example_image.png"
20/05/2020;"Sous le soleil";"Magnifique soleil !!!";http://images.toucharger.com/img/graphiques/une-soiree-magnifique.74342.jpg
20/05/2050;"Magnifique voiture";"SERIE 3 - (E92) (2) COUPE M3 420 DKG
Année :

2012
Kilométrage :

26100 km
Nombre de portes :

2
Puissance fiscale :

33 CV
Puissance din :

420 ch
Boîte de vitesse :

automatique
Énergie :

Essence
Mise en circulation :

29 / 03 / 2012
Couleur intérieure :

Couleur extérieure :

blanc métallisé
Première main :

non
";http://www.google.fr/url?source=imglanding&ct=img&q=http://img0.gtsstatic.com/wallpapers/10bcbf193cc45f07ca73c061213ad31b_large.jpeg&sa=X&ei=ZilKVbWfKqr7ywPSoYHYBA&ved=0CAkQ8wc&usg=AFQjCNHGqbA14FJ2YZN4zClCI4pX5e8WPw
